name,genre
"AC/DC","Hard Rock"
"Led Zeppelin","Hard Rock"
"Knocked Loose","Hardcore Punk"
"Fontaines D.C.","Post-Punk"
"Ghost","Heavy Metal"
"Rammstein","Industrial Metal"
"Gojira","Progressive Metal"
"INXS","Rock"
"The Rolling Stones","Rock"
"Turnstile","Hardcore Punk"
"The Murder Capital","Post-Punk"
"Opeth","Progressive Metal"
"Silverchair","Alternative Rock"
"Black Sabbath","Heavy Metal"
"Fugazi","Post-Hardcore"
"Thin Lizzy","Hard Rock"
"Amon Amarth","Death Metal"
"Wolfmother","Hard Rock"
"Deep Purple","Hard Rock"
"Metallica","Thrash Metal"
"My Bloody Valentine","Shoegaze"
"Refused","Hardcore Punk"
"Tame Impala","Psychedelic Rock"
"Judas Priest","Heavy Metal"
"Slipknot","Nu Metal"
"Jet","Garage Rock"
"Iron Maiden","Heavy Metal"
"Foo Fighters","Alternative Rock"
"The Living End","Punk Rock"
"Motorhead","Heavy Metal"
"Queens of the Stone Age","Stoner Rock"
"Powderfinger","Alternative Rock"
"The Sex Pistols","Punk Rock"
"The Killers","Alternative Rock"
"You Am I","Alternative Rock"
"The Clash","Punk Rock"
"Hoodoo Gurus","Alternative Rock"
"The Damned","Punk Rock"
"The Saints","Punk Rock"
"Buzzcocks","Punk Rock"
"Radio Birdman","Punk Rock"
"Sham 69","Punk Rock"
"The Church","Alternative Rock"
"The Jam","Punk Rock"
"Cold Chisel","Pub Rock"
"Stiff Little Fingers","Punk Rock"
"Midnight Oil","Rock"
"Siouxsie and the Banshees","Post-Punk"
"Nick Cave and the Bad Seeds","Post-Punk"
"The Cure","Post-Punk"
"The Birthday Party","Post-Punk"
"Joy Division","Post-Punk"
"Gyroscope","Alternative Rock"
"New Order","Post-Punk"
"Grinspoon","Alternative Rock"
"Bauhaus","Gothic Rock"
"Regurgitator","Alternative Rock"
"The Smiths","Alternative Rock"
"Airbourne","Hard Rock"
"Oasis","Britpop"
"Parkway Drive","Metalcore"
"Blur","Britpop"
"Northlane","Metalcore"
"Pulp","Britpop"
"The Amity Affliction","Metalcore"
"Radiohead","Alternative Rock"
"In Hearts Wake","Metalcore"
"Muse","Alternative Rock"
"Make Them Suffer","Metalcore"
"Coldplay","Alternative Rock"
"Ocean Grove","Alternative Metal"
"The Verve","Britpop"
"DZ Deathrays","Garage Punk"
"Suede","Britpop"
"King Gizzard and the Lizard Wizard","Psychedelic Rock"
"Placebo","Alternative Rock"
"Violent Soho","Grunge"
"Arctic Monkeys","Indie Rock"
"Amyl and the Sniffers","Punk Rock"
"The Libertines","Indie Rock"
"The Chats","Punk Rock"
"Kasabian","Alternative Rock"
"Frenzal Rhomb","Punk Rock"
"Franz Ferdinand","Indie Rock"
"Bodyjar","Punk Rock"
"Editors","Post-Punk Revival"
"The Vines","Garage Rock"
"Bloc Party","Indie Rock"
"Eskimo Joe","Alternative Rock"
"Kaiser Chiefs","Indie Rock"
"End of Fashion","Alternative Rock"
"You Me At Six","Alternative Rock"
"Karnivool","Progressive Metal"
"Enter Shikari","Post-Hardcore"
"Dead Letter Circus","Alternative Metal"
"Architects","Metalcore"
"Twelve Foot Ninja","Progressive Metal"
"While She Sleeps","Metalcore"
"Alpha Wolf","Metalcore"
"Bury Tomorrow","Metalcore"
