name,capacity
"The O2 Arena",20000
"Wembley Arena (OVO Arena Wembley)",12500
"Eventim Apollo (Hammersmith Apollo)",5039
"O2 Academy Brixton",4921
"Roundhouse",3300
"KOKO",1410
"Electric Ballroom",1500
"Scala",1100
"Ministry of Sound",1600
"Village Underground",700
"The Jazz Cafe",540
"Union Chapel",900
"100 Club",300
"Ronnie Scott's",250
"Islington Assembly Hall",890
"The Garage",600
"Heaven",1300
"The Underworld Camden",500
"Shepherd's Bush Empire",2000
"Brixton Jamm",300
"Bush Hall",500
"The Lexington",200
"Moth Club",250
"The Windmill Brixton",150
"Servant Jazz Quarters",110
"Corsica Studios",600
"Fabric",1600
"XOYO",750
"Cafe OTO",120
"Corner Hotel",800
"Northcote Social Club",400
"The Tote Hotel",400
"The Forum Melbourne",2000
"Max Watt's Melbourne",850
"Palais Theatre",2896
"Festival Hall",5400
"The John Curtin Hotel",300
"Cherry Bar",260
"Chapel Off Chapel",255
"Victorian Trades Hall",261
"The Old Bar",175
"Bird's Basement",175
"Section 8",200
"Sidney Myer Music Bowl",11000
"Rod Laver Arena",15000
"John Cain Arena",11000
"Margaret Court Arena",11500
"Marvel Stadium",53359
"Melbourne Cricket Ground",100024
"Croxton Bandroom",900
"Prince Bandroom",900
"Hotel Esplanade (The Espy)",200
"Memo Music Hall",350
"Brunswick Ballroom",200
"Yah Yah's",200
"Bar Open",200
"Load Test Venue 057",579
"Load Test Venue 058",267
"Load Test Venue 059",1196
"Load Test Venue 060",522
"Load Test Venue 061",813
"Load Test Venue 062",148
"Load Test Venue 063",949
"Load Test Venue 064",325
"Load Test Venue 065",1760
"Load Test Venue 066",1989
"Load Test Venue 067",1721
"Load Test Venue 068",1049
"Load Test Venue 069",1319
"Load Test Venue 070",1736
"Load Test Venue 071",1233
"Load Test Venue 072",272
"Load Test Venue 073",366
"Load Test Venue 074",1905
"Load Test Venue 075",1856
"Load Test Venue 076",1789
"Load Test Venue 077",1145
"Load Test Venue 078",442
"Load Test Venue 079",1145
"Load Test Venue 080",592
"Load Test Venue 081",1891
"Load Test Venue 082",1660
"Load Test Venue 083",395
"Load Test Venue 084",1675
"Load Test Venue 085",987
"Load Test Venue 086",215
"Load Test Venue 087",142
"Load Test Venue 088",1120
"Load Test Venue 089",1676
"Load Test Venue 090",1706
"Load Test Venue 091",1393
"Load Test Venue 092",823
"Load Test Venue 093",1212
"Load Test Venue 094",1423
"Load Test Venue 095",1451
"Load Test Venue 096",1465
"Load Test Venue 097",1981
"Load Test Venue 098",954
"Load Test Venue 099",286
"Load Test Venue 100",464
