Artist/Band,Country,Genre
AC/DC,Australia,Hard Rock
INXS,Australia,Rock
Silverchair,Australia,Alternative Rock
Wolfmother,Australia,Hard Rock
Tame Impala,Australia,Psychedelic Rock
Jet,Australia,Garage Rock
The Living End,Australia,Punk Rock
Powderfinger,Australia,Alternative Rock
You Am I,Australia,Alternative Rock
Hoodoo Gurus,Australia,Alternative Rock
The Saints,Australia,Punk Rock
Radio Birdman,Australia,Punk Rock
The Church,Australia,Alternative Rock
Cold Chisel,Australia,Pub Rock
Midnight Oil,Australia,Rock
Nick Cave and the Bad Seeds,Australia,Post-Punk
The Birthday Party,Australia,Post-Punk
Gyroscope,Australia,Alternative Rock
Grinspoon,Australia,Alternative Rock
Regurgitator,Australia,Alternative Rock
Airbourne,Australia,Hard Rock
Parkway Drive,Australia,Metalcore
Northlane,Australia,Metalcore
The Amity Affliction,Australia,Metalcore
In Hearts Wake,Australia,Metalcore
Make Them Suffer,Australia,Metalcore
Ocean Grove,Australia,Alternative Metal
DZ Deathrays,Australia,Garage Punk
King Gizzard and the Lizard Wizard,Australia,Psychedelic Rock
Violent Soho,Australia,Grunge
Amyl and the Sniffers,Australia,Punk Rock
The Chats,Australia,Punk Rock
Frenzal Rhomb,Australia,Punk Rock
Bodyjar,Australia,Punk Rock
The Vines,Australia,Garage Rock
Eskimo Joe,Australia,Alternative Rock
End of Fashion,Australia,Alternative Rock
Karnivool,Australia,Progressive Metal
Dead Letter Circus,Australia,Alternative Metal
Twelve Foot Ninja,Australia,Progressive Metal
Alpha Wolf,Australia,Metalcore
Void of Vision,Australia,Metalcore
Thy Art Is Murder,Australia,Deathcore
Portal,Australia,Death Metal
The Berzerker,Australia,Grindcore
Psycroptic,Australia,Death Metal
Cog,Australia,Progressive Rock
Spiderbait,Australia,Alternative Rock
Magic Dirt,Australia,Alternative Rock
Died Pretty,Australia,Alternative Rock
Rose Tattoo,Australia,Hard Rock
The Angels,Australia,Hard Rock
Divinyls,Australia,Rock
Boom Crash Opera,Australia,Rock
Baby Animals,Australia,Hard Rock
Skyhooks,Australia,Glam Rock
The Screaming Jets,Australia,Hard Rock
Def FX,Australia,Industrial Rock
Bum Bum Chic,Australia,Punk Rock
Clowns,Australia,Punk Rock
High Tension,Australia,Punk Rock
RVG,Australia,Post-Punk
Camp Cope,Australia,Punk Rock
The Smith Street Band,Australia,Punk Rock
Luca Brasi,Australia,Punk Rock
Ceres,Australia,Punk Rock
The Bennies,Australia,Ska Punk
Gutter Gods,Australia,Hardcore Punk
Speed,Australia,Hardcore Punk
Chaotic Neutral,Australia,Hardcore Punk
Windwaker,Australia,Metalcore
Sleep Talk,Australia,Metalcore
Slowly Slowly,Australia,Alternative Rock
WAAX,Australia,Punk Rock
Press Club,Australia,Post-Punk
Full Flower Moon Band,Australia,Punk Rock
Private Function,Australia,Punk Rock
Rackett,Australia,Garage Rock
Ratbags,Australia,Punk Rock
Total Control,Australia,Post-Punk
Ausmuteants,Australia,Punk Rock
The UV Race,Australia,Punk Rock
Eddy Current Suppression Ring,Australia,Garage Punk
Cosmic Psychos,Australia,Punk Rock
Led Zeppelin,United Kingdom,Hard Rock
The Rolling Stones,United Kingdom,Rock
Black Sabbath,United Kingdom,Heavy Metal
Deep Purple,United Kingdom,Hard Rock
Judas Priest,United Kingdom,Heavy Metal
Iron Maiden,United Kingdom,Heavy Metal
Motorhead,United Kingdom,Heavy Metal
The Sex Pistols,United Kingdom,Punk Rock
The Clash,United Kingdom,Punk Rock
The Damned,United Kingdom,Punk Rock
Buzzcocks,United Kingdom,Punk Rock
Sham 69,United Kingdom,Punk Rock
The Jam,United Kingdom,Punk Rock
Stiff Little Fingers,United Kingdom,Punk Rock
Siouxsie and the Banshees,United Kingdom,Post-Punk
The Cure,United Kingdom,Post-Punk
Joy Division,United Kingdom,Post-Punk
New Order,United Kingdom,Post-Punk
Bauhaus,United Kingdom,Gothic Rock
The Smiths,United Kingdom,Alternative Rock
Oasis,United Kingdom,Britpop
Blur,United Kingdom,Britpop
Pulp,United Kingdom,Britpop
Radiohead,United Kingdom,Alternative Rock
Muse,United Kingdom,Alternative Rock
Coldplay,United Kingdom,Alternative Rock
The Verve,United Kingdom,Britpop
Suede,United Kingdom,Britpop
Placebo,United Kingdom,Alternative Rock
Arctic Monkeys,United Kingdom,Indie Rock
The Libertines,United Kingdom,Indie Rock
Kasabian,United Kingdom,Alternative Rock
Franz Ferdinand,United Kingdom,Indie Rock
Editors,United Kingdom,Post-Punk Revival
Bloc Party,United Kingdom,Indie Rock
Kaiser Chiefs,United Kingdom,Indie Rock
You Me At Six,United Kingdom,Alternative Rock
Enter Shikari,United Kingdom,Post-Hardcore
Architects,United Kingdom,Metalcore
While She Sleeps,United Kingdom,Metalcore
Bury Tomorrow,United Kingdom,Metalcore
Asking Alexandria,United Kingdom,Metalcore
Bullet for My Valentine,United Kingdom,Metalcore
Cradle of Filth,United Kingdom,Symphonic Black Metal
Napalm Death,United Kingdom,Grindcore
Carcass,United Kingdom,Death Metal
Bolt Thrower,United Kingdom,Death Metal
My Dying Bride,United Kingdom,Doom Metal
Paradise Lost,United Kingdom,Doom Metal
Anathema,United Kingdom,Progressive Rock
Def Leppard,United Kingdom,Hard Rock
Saxon,United Kingdom,Heavy Metal
Venom,United Kingdom,Black Metal
Diamond Head,United Kingdom,Heavy Metal
Whitesnake,United Kingdom,Hard Rock
UFO,United Kingdom,Hard Rock
The Who,United Kingdom,Rock
Pink Floyd,United Kingdom,Progressive Rock
Queen,United Kingdom,Rock
Slade,United Kingdom,Glam Rock
Status Quo,United Kingdom,Rock
Wishbone Ash,United Kingdom,Hard Rock
Uriah Heep,United Kingdom,Hard Rock
Killing Joke,United Kingdom,Post-Punk
The Prodigy,United Kingdom,Electronic Rock
Slaves,United Kingdom,Punk Rock
IDLES,United Kingdom,Post-Punk
Wolf Alice,United Kingdom,Alternative Rock
Yungblud,United Kingdom,Alternative Rock
Nova Twins,United Kingdom,Punk Rock
Employed To Serve,United Kingdom,Metalcore
Loathe,United Kingdom,Alternative Metal
Rolo Tomassi,United Kingdom,Mathcore
Bring Me The Horizon,United Kingdom,Metalcore
Gallows,United Kingdom,Hardcore Punk
Trash Boat,United Kingdom,Pop Punk
Neck Deep,United Kingdom,Pop Punk
Creeper,United Kingdom,Gothic Punk
Static Dress,United Kingdom,Post-Hardcore
Higher Power,United Kingdom,Hardcore Punk
Malevolence,United Kingdom,Metalcore
Knocked Loose,United States,Hardcore Punk
Turnstile,United States,Hardcore Punk
Sleep Token,United Kingdom,Progressive Metal
Skindred,United Kingdom,Reggae Metal
Lower Than Atlantis,United Kingdom,Alternative Rock
Deaf Havana,United Kingdom,Alternative Rock
Feeder,United Kingdom,Alternative Rock
Reuben,United Kingdom,Alternative Rock
Idlewild,United Kingdom,Alternative Rock
Biffy Clyro,United Kingdom,Alternative Rock
Frank Carter and the Rattlesnakes,United Kingdom,Punk Rock
Pulled Apart By Horses,United Kingdom,Noise Rock
Shame,United Kingdom,Post-Punk
Fontaines D.C.,Ireland,Post-Punk
The Murder Capital,Ireland,Post-Punk
Thin Lizzy,Ireland,Hard Rock
My Bloody Valentine,Ireland,Shoegaze
Fugazi,United States,Post-Hardcore
Metallica,United States,Thrash Metal
Slipknot,United States,Nu Metal
Foo Fighters,United States,Alternative Rock
Queens of the Stone Age,United States,Stoner Rock
The Killers,United States,Alternative Rock
Ghost,Sweden,Heavy Metal
Opeth,Sweden,Progressive Metal
Amon Amarth,Sweden,Death Metal
Refused,Sweden,Hardcore Punk
Rammstein,Germany,Industrial Metal
Gojira,France,Progressive Metal
