Name,Capacity,Full Address,Phone Number
Corner Hotel,800,"57 Swan St, Richmond VIC 3121",(03) 9427 7300
Northcote Social Club,400,"301 High St, Northcote VIC 3070",(03) 9489 3917
The Tote Hotel,400,"71 Johnston St, Collingwood VIC 3066",(03) 9419 5320
The Forum Melbourne,"2000 standing / 520 seated","154 Flinders St, Melbourne VIC 3000",(03) 9299 9990
Max Watt's Melbourne,850,"125 Swanston St, Melbourne VIC 3000",(03) 9654 0992
Palais Theatre,2896,"Cnr Lower Esplanade and Cavell St, St Kilda VIC 3182",(03) 8537 7677
Festival Hall,5400,"300 Dudley St, West Melbourne VIC 3003",N/A
The John Curtin Hotel,300,"29-35 Lygon St, Carlton VIC 3053",N/A
Cherry Bar,260,"68 Little Collins St, Melbourne VIC 3000",(03) 9639 8122
Chapel Off Chapel,255,"12 Little Chapel St, Prahran VIC 3181",N/A
Victorian Trades Hall,261,"54 Victoria St, Carlton VIC 3053",N/A
The Old Bar,175,"74-76 Johnston St, Fitzroy VIC 3065",N/A
Bird's Basement,175,"11 Singers Lane, Melbourne VIC 3000",N/A
Section 8,N/A,"27-29 Tattersalls Lane, Melbourne VIC 3000",N/A
Sidney Myer Music Bowl,11000,"Kings Domain, Linlithgow Ave, Melbourne VIC 3004",N/A
Rod Laver Arena,15000,"Melbourne Park, Batman Ave, Melbourne VIC 3000",N/A
John Cain Arena,11000,"Olympic Blvd, Melbourne Park, Melbourne VIC 3000",N/A
Margaret Court Arena,11500,"Melbourne Park, Batman Ave, Melbourne VIC 3000",N/A
Marvel Stadium,53359,"740 Bourke St, Docklands VIC 3008",N/A
Melbourne Cricket Ground,100024,"Brunton Ave, Richmond VIC 3002",N/A
Croxton Bandroom,900,"607 High St, Thornbury VIC 3071",(03) 9480 2233
Prince Bandroom,900,"2 Acland St, St Kilda VIC 3182",(03) 9536 1111
Hotel Esplanade (The Espy),N/A,"11 The Esplanade, St Kilda VIC 3182",(03) 9534 0211
Memo Music Hall,350,"88 Acland St, St Kilda VIC 3182",(03) 9534 3556
Brunswick Ballroom,N/A,"314-316 Sydney Rd, Brunswick VIC 3056",(03) 9387 1347
Yah Yah's,200,"99 Smith St, Fitzroy VIC 3065",N/A
Bar Open,N/A,"317 Brunswick St, Fitzroy VIC 3065",N/A
